{"name":"makeovermonday_2021w1","title":"2021/W1: The Great Bicycle Boom of 2020","description":"The Great Bicycle Boom of 2020\n\n---\n{\"editor\":\"simple\"}\n---\n# **Original Visualization**\n![https://media.data.world/nhbkE0ncSzqk4JWMEpYz\\_Picture%201.png](https://media.data.world/nhbkE0ncSzqk4JWMEpYz_Picture%201.png)\n\n# **About this Dataset**\nSOURCE ARTICLE: [BBC](https://www.bbc.com/future/bespoke/made-on-earth/the-great-bicycle-boom-of-2020.html)\nDATA SOURCE: [Rails•to•Trail Conservancy](https://www.railstotrails.org/COVID19/#trailcount)\nNOTE: Chart included in data source\n\n# **Objectives**\n\n* What works and what doesn't work with this chart?\n* How can you make it better?","homepage":"https://data.world/makeovermonday/2021w1","resources":[{"name":"bike_counts_14_counters","schema":{"fields":[{"name":"timeframe","title":"Timeframe","type":"string","rdfType":"http://www.w3.org/2001/XMLSchema#string","dwSourceId":"timeframe"},{"name":"week_of","title":"Week of","type":"date","rdfType":"http://www.w3.org/2001/XMLSchema#date","dwSourceId":"week_of"},{"name":"2019_counts_14_counters","title":"2019 counts (14 counters)","type":"integer","rdfType":"http://www.w3.org/2001/XMLSchema#integer","dwSourceId":"2019_counts_14_counters"},{"name":"2020_counts_14_counters","title":"2020 counts (14 counters)","type":"integer","rdfType":"http://www.w3.org/2001/XMLSchema#integer","dwSourceId":"2020_counts_14_counters"},{"name":"change_2019_2020","title":"Change 2019-2020","type":"number","rdfType":"http://www.w3.org/2001/XMLSchema#decimal","dwSourceId":"change_2019_2020"}]},"path":"data/bike_counts_14_counters.csv","format":"csv"},{"name":"counter_locations","schema":{"fields":[{"name":"counters_arlington_county","title":"Counters Arlington County","type":"string","rdfType":"http://www.w3.org/2001/XMLSchema#string","dwSourceId":"counters_arlington_county"},{"name":"daily_average","title":"Daily Average","type":"integer","rdfType":"http://www.w3.org/2001/XMLSchema#integer","dwSourceId":"daily_average"}]},"path":"data/counter_locations.csv","format":"csv"},{"name":"methodology","schema":{"fields":[{"name":"data_source_rails_to_trails_conservancy_eco_counters_number_of_counters_31_counters","title":"Data Source: Rails-to-Trails Conservancy Eco-Counters Number of counters: 31 counters","type":"string","rdfType":"http://www.w3.org/2001/XMLSchema#string","dwSourceId":"data_source_rails_to_trails_conservancy_eco_counters_number_of_counters_31_counters"}]},"path":"data/methodology.csv","format":"csv"},{"name":"pedestrian_counts_14_counters","schema":{"fields":[{"name":"timeframe","title":"Timeframe","type":"string","rdfType":"http://www.w3.org/2001/XMLSchema#string","dwSourceId":"timeframe"},{"name":"week_of","title":"Week of","type":"date","rdfType":"http://www.w3.org/2001/XMLSchema#date","dwSourceId":"week_of"},{"name":"2019_counts_14_counters","title":"2019 counts (14 counters)","type":"integer","rdfType":"http://www.w3.org/2001/XMLSchema#integer","dwSourceId":"2019_counts_14_counters"},{"name":"2020_counts_14_counters","title":"2020 counts (14 counters)","type":"integer","rdfType":"http://www.w3.org/2001/XMLSchema#integer","dwSourceId":"2020_counts_14_counters"},{"name":"change_2019_2020","title":"Change 2019-2020","type":"number","rdfType":"http://www.w3.org/2001/XMLSchema#decimal","dwSourceId":"change_2019_2020"}]},"path":"data/pedestrian_counts_14_counters.csv","format":"csv"},{"name":"total_count_data_31_counters","schema":{"fields":[{"name":"timeframe","title":"Timeframe","type":"string","rdfType":"http://www.w3.org/2001/XMLSchema#string","dwSourceId":"timeframe"},{"name":"week_of","title":"Week of","type":"date","rdfType":"http://www.w3.org/2001/XMLSchema#date","dwSourceId":"week_of"},{"name":"2019_counts_31_counters","title":"2019 counts (31 counters)","type":"integer","rdfType":"http://www.w3.org/2001/XMLSchema#integer","dwSourceId":"2019_counts_31_counters"},{"name":"2020_counts_31_counters","title":"2020 counts (31 counters)","type":"integer","rdfType":"http://www.w3.org/2001/XMLSchema#integer","dwSourceId":"2020_counts_31_counters"},{"name":"change_2019_2020","title":"Change 2019-2020","type":"number","rdfType":"http://www.w3.org/2001/XMLSchema#decimal","dwSourceId":"change_2019_2020"}]},"path":"data/total_count_data_31_counters.csv","format":"csv"},{"name":"weekly_data","schema":{"fields":[{"name":"year","title":"Year","type":"gyear","rdfType":"http://www.w3.org/2001/XMLSchema#gYear","dwSourceId":"year"},{"name":"timeframe","title":"Timeframe","type":"string","rdfType":"http://www.w3.org/2001/XMLSchema#string","dwSourceId":"timeframe"},{"name":"week","title":"Week","type":"date","rdfType":"http://www.w3.org/2001/XMLSchema#date","dwSourceId":"week"},{"name":"counts_31_counters","title":"Counts (31 counters)","type":"integer","rdfType":"http://www.w3.org/2001/XMLSchema#integer","dwSourceId":"counts_31_counters"},{"name":"covid_period","title":"Covid Period","type":"string","rdfType":"http://www.w3.org/2001/XMLSchema#string","dwSourceId":"covid_period"},{"name":"pedestrians_14_counters","title":"Pedestrians (14 counters)","type":"integer","rdfType":"http://www.w3.org/2001/XMLSchema#integer","dwSourceId":"pedestrians_14_counters"},{"name":"bikes_14_counters","title":"Bikes (14 counters)","type":"integer","rdfType":"http://www.w3.org/2001/XMLSchema#integer","dwSourceId":"bikes_14_counters"}]},"path":"data/weekly_data.csv","format":"csv"},{"name":"original/RailsToTrails_National Count Data_week.xlsx","path":"original/RailsToTrails_National Count Data_week.xlsx","format":"xlsx","mediatype":"application/vnd.openxmlformats-officedocument.spreadsheetml.sheet","bytes":49111}],"keywords":["cycling","pedestrian","commuter","bike","bicycle","covid"]}